rn	base
45	0,552875
0	0,51577433
5	0,393440157
267	0,408045977
14	0,774410646
44	0,611305556
190	0,380526316
114	0,361428571
84	0,635692308
41	0,544923469
214	0,395666667
249	0,006349357
169	0,435555556
4	0,038571429
10	0,633524562
164	0,320901639
275	0,631126651
145	0,639207677
172	0,58175
111	0,694866828
255	0,716084475
134	0,51
171	0,4772
143	0,454110429
51	0,50756782
264	0,611818182
115	0,313660714
125	0,44300995
129	0,492707692
140	0,57664557
35	0,485856698
279	0,453409298
113	0,040888208
187	0,440295567
175	0,430561798
234	0,458666667
178	0,428046875
107	0,503937126
152	0,418954082
157	0,466702899
206	0,692173423
201	0,620586592
223	0,679807692
239	0,517196262
120	0,412157895
166	0,577014925
235	0,653076923
108	0,663301435
244	0,484159292
165	0,368410256
183	0,63203666
89	0,380555556
63	0,407090909
139	0,40809375
217	0,552352941
1	0,592222222
42	0,43
78	0,482857143
237	0,420991736
158	0,553483146
219	0,457837838
144	0,460257511
27	0,440014104
12	0,647662338
40	0,610483871
34	0,5787
57	0,464054054
75	0,502188184
149	0,620617284
240	0,431142857
28	0,684166667
94	0,563428571
232	0,48956044
195	0
88	0,628944724
220	0,519342105
64	0,595
247	0,443076923
90	0,650833333
122	0,466944444
181	0,647857143
104	0,728833333
98	0,675
52	0,593933333
11	0,639411765
9	0,119333333
198	0,793085106
47	0,6175
151	0,700454545
271	0,691016949
230	0,512649573
168	0,237741935
61	0,853265306
159	0,733333333
101	0,729454545
208	0,647631579
231	0,52625
184	0,470833333
200	0,479875
182	0,547894737
121	0,484166667
25	0,748059701
138	0,673030303
193	0,421821705
81	0,690212766
204	0,681333333
167	0
123	0,570952381
284	0,514482759
283	0,29375
254	0,535548387
142	0
222	0,562797203
258	0,55741573
268	0,137608696
146	0,641111111
221	0,494705882
49	0,521325301
29	0,590350877
100	0,726666667
141	0,55
13	0,440344828
262	0,542727273
163	0,477751479
245	0,53875
266	0,336363636
229	0,058666667
137	0,698148148
282	0,655733333
259	0,258928571
131	0,817666667
209	0,583953488
186	0,722727273
43	0,828275862
58	0,225714286
263	0,505762712
197	0,490526316
188	0,56
241	0,008571429
96	0,589242424
194	0,59
210	0,587142857
238	0,615384615
76	0,894285714
46	0,605333333
257	0,691176471
196	0,702972973
180	0,382
199	0,645333333
281	0,594545455
252	0,65125
56	0,684155844
109	0,672352941
228	0
246	0,436
87	0,644814815
154	0,617
62	0,562142857
278	0,479056604
71	0,737272727
66	0,722857143
256	0,512692308
24	0,645769231
50	0,603661972
48	0,558695652
216	0,714318182
97	0,621445783
68	0,672083333
31	0,579714286
276	0,504166667
179	0,48362069
103	0,78
32	0,4
132	0,659666667
174	0,718333333
54	0,462432432
53	0,544875
148	0,480555556
274	0,544117647
112	0,03
272	0,618095238
37	0,53125
170	0,632631579
92	0,482592593
224	0,06
21	0,654285714
202	0,599310345
218	0,6125
70	0,68
91	0,373333333
23	0,898333333
36	0,5375
270	0,593333333
227	0,537692308
80	0,613333333
22	0,742307692
69	0,887692308
189	0,5609375
126	0,568
93	0,637727273
192	0,608918919
173	0,640909091
248	0,98
85	0,513157895
211	0,512142857
99	0,600294118
215	0,511333333
280	0,54
277	0,77
253	0,666571429
136	0,5435
77	0
38	0,075384615
205	0,645
19	0,547222222
147	0,407777778
117	0,335
135	0,776923077
233	0
236	0,787
110	0,77
130	0,931
261	0,622857143
39	0,705
160	0,570277778
251	0,566363636
124	0,586190476
207	0,699285714
128	0,075384615
133	0,075
203	0,61
60	0,816428571
269	0,275
72	0,950833333
74	0,68
82	0,644
79	0,253333333
73	0,884444444
265	0,278333333
86	0,38
65	0,398
191	0,465
59	0,722
242	0,388333333
177	0,549411765
8	0,61
26	0,52875
250	0,275
155	0
102	0
153	0,49
17	0,54
67	0,495
243	0
260	0
185	0,65
213	0,815