cluster_new;rn;cluster_old;risk_2020;risk_2021;risk_2022;risk_avg
0;0;;0.03756;0.01308;0.01022;0
0;5;;0.03756;0.01308;0.01022;0
0;1;;0.03756;0.01308;0.01022;0
0;4;;0.03756;0.01308;0.01022;0
1;10;;0.0067;0.00312;0.00001;0
1;9;;0.0067;0.00312;0.00001;0
1;8;;0.0067;0.00312;0.00001;0
2;107;;0;0;0;0
2;108;;0;0;0;0
2;104;;0;0;0;0
2;101;;0;0;0;0
2;100;;0;0;0;0
2;109;;0;0;0;0
2;103;;0;0;0;0
2;110;;0;0;0;0
3;145;;0.00008;0.00013;0;0
3;152;;0.00008;0.00013;0;0
3;149;;0.00008;0.00013;0;0
3;151;;0.00008;0.00013;0;0
3;146;;0.00008;0.00013;0;0
3;154;;0.00008;0.00013;0;0
3;148;;0.00008;0.00013;0;0
3;147;;0.00008;0.00013;0;0
3;153;;0.00008;0.00013;0;0
4;206;;0.00008;0.00004;0;0
4;201;;0.00008;0.00004;0;0
4;198;;0.00008;0.00004;0;0
4;208;;0.00008;0.00004;0;0
4;200;;0.00008;0.00004;0;0
4;204;;0.00008;0.00004;0;0
4;209;;0.00008;0.00004;0;0
4;197;;0.00008;0.00004;0;0
4;196;;0.00008;0.00004;0;0
4;199;;0.00008;0.00004;0;0
4;202;;0.00008;0.00004;0;0
4;211;;0.00008;0.00004;0;0
4;205;;0.00008;0.00004;0;0
4;210;;0.00008;0.00004;0;0
4;207;;0.00008;0.00004;0;0
4;203;;0.00008;0.00004;0;0
5;249;;0;0;0;0
6;255;;0.00089;0.00015;0;0
7;267;;0.00165;0.00115;0;0
7;264;;0.00165;0.00115;0;0
7;258;;0.00165;0.00115;0;0
7;262;;0.00165;0.00115;0;0
7;266;;0.00165;0.00115;0;0
7;263;;0.00165;0.00115;0;0
7;257;;0.00165;0.00115;0;0
7;256;;0.00165;0.00115;0;0
7;261;;0.00165;0.00115;0;0
7;259;;0.00165;0.00115;0;0
7;265;;0.00165;0.00115;0;0
8;275;;0.00086;0.00009;0;0
8;271;;0.00086;0.00009;0;0
8;278;;0.00086;0.00009;0;0
8;276;;0.00086;0.00009;0;0
8;274;;0.00086;0.00009;0;0
8;272;;0.00086;0.00009;0;0
8;270;;0.00086;0.00009;0;0
8;268;;0.00086;0.00009;0;0
8;277;;0.00086;0.00009;0;0
8;269;;0.00086;0.00009;0;0
9;279;;0.00179;0.00117;0;0
9;284;;0.00179;0.00117;0;0
9;282;;0.00179;0.00117;0;0
9;283;;0.00179;0.00117;0;0
9;281;;0.00179;0.00117;0;0
9;280;;0.00179;0.00117;0;0
10;14;;0.00104;0;0;0
10;12;;0.00104;0;0;0
10;11;;0.00104;0;0;0
10;13;;0.00104;0;0;0
10;21;;0.00104;0;0;0
10;19;;0.00104;0;0;0
10;17;;0.00104;0;0;0
11;27;;0.00043;0.0001;0;0
11;25;;0.00043;0.0001;0;0
11;24;;0.00043;0.0001;0;0
11;23;;0.00043;0.0001;0;0
11;22;;0.00043;0.0001;0;0
11;26;;0.00043;0.0001;0;0
12;35;;0.00018;0.00011;0;0
12;34;;0.00018;0.00011;0;0
12;28;;0.00018;0.00011;0;0
12;29;;0.00018;0.00011;0;0
12;32;;0.00018;0.00011;0;0
12;37;;0.00018;0.00011;0;0
12;31;;0.00018;0.00011;0;0
12;36;;0.00018;0.00011;0;0
13;45;;0.00096;0.00026;0;0
13;44;;0.00096;0.00026;0;0
13;41;;0.00096;0.00026;0;0
13;40;;0.00096;0.00026;0;0
13;43;;0.00096;0.00026;0;0
13;42;;0.00096;0.00026;0;0
13;39;;0.00096;0.00026;0;0
13;38;;0.00096;0.00026;0;0
14;51;;0;0.00029;0;0
14;52;;0;0.00029;0;0
14;47;;0;0.00029;0;0
14;49;;0;0.00029;0;0
14;46;;0;0.00029;0;0
14;50;;0;0.00029;0;0
14;48;;0;0.00029;0;0
14;53;;0;0.00029;0;0
14;54;;0;0.00029;0;0
15;63;;0.00018;0;0;0
15;57;;0.00018;0;0;0
15;64;;0.00018;0;0;0
15;61;;0.00018;0;0;0
15;56;;0.00018;0;0;0
15;62;;0.00018;0;0;0
15;66;;0.00018;0;0;0
15;60;;0.00018;0;0;0
15;65;;0.00018;0;0;0
15;59;;0.00018;0;0;0
15;58;;0.00018;0;0;0
16;75;;0;0.00012;0;0
16;76;;0;0.00012;0;0
16;71;;0;0.00012;0;0
16;68;;0;0.00012;0;0
16;70;;0;0.00012;0;0
16;69;;0;0.00012;0;0
16;72;;0;0.00012;0;0
16;74;;0;0.00012;0;0
16;73;;0;0.00012;0;0
16;67;;0;0.00012;0;0
17;78;;0.00037;0.0006;0;0
17;81;;0.00037;0.0006;0;0
17;80;;0.00037;0.0006;0;0
17;79;;0.00037;0.0006;0;0
18;84;;0;0;0;0
18;88;;0;0;0;0
18;87;;0;0;0;0
18;85;;0;0;0;0
18;86;;0;0;0;0
18;82;;0;0;0;0
19;89;;0.00017;0.00019;0;0
19;94;;0.00017;0.00019;0;0
19;90;;0.00017;0.00019;0;0
19;98;;0.00017;0.00019;0;0
19;96;;0.00017;0.00019;0;0
19;97;;0.00017;0.00019;0;0
19;92;;0.00017;0.00019;0;0
19;91;;0.00017;0.00019;0;0
19;93;;0.00017;0.00019;0;0
19;99;;0.00017;0.00019;0;0
20;111;;0.0002;0;0;0
21;113;;0;0;0;0
21;112;;0;0;0;0
22;114;;0;0.00005;0;0
22;115;;0;0.00005;0;0
23;120;;0;0;0;0
23;121;;0;0;0;0
23;117;;0;0;0;0
24;125;;0.0002;0;0;0
24;122;;0.0002;0;0;0
24;123;;0.0002;0;0;0
24;126;;0.0002;0;0;0
24;124;;0.0002;0;0;0
25;129;;0.00012;0.00011;0;0
25;131;;0.00012;0.00011;0;0
25;130;;0.00012;0.00011;0;0
25;128;;0.00012;0.00011;0;0
26;134;;0;0;0;0
26;137;;0;0;0;0
26;132;;0;0;0;0
26;136;;0;0;0;0
26;135;;0;0;0;0
26;133;;0;0;0;0
27;140;;0.00057;0.00023;0;0
27;139;;0.00057;0.00023;0;0
27;138;;0.00057;0.00023;0;0
27;141;;0.00057;0.00023;0;0
28;143;;0.00023;0;0;0
29;144;;0.00044;0;0;0
30;158;;0.00019;0;0;0
30;157;;0.00019;0;0;0
30;159;;0.00019;0;0;0
30;160;;0.00019;0;0;0
31;163;;0;0.00047;0;0
32;164;;0.0002;0.00014;0;0
32;166;;0.0002;0.00014;0;0
32;165;;0.0002;0.00014;0;0
33;169;;0.00019;0.00019;0;0
33;171;;0.00019;0.00019;0;0
33;168;;0.00019;0.00019;0;0
33;172;;0.00019;0.00019;0;0
33;170;;0.00019;0.00019;0;0
34;175;;0;0.00004;0;0
34;174;;0;0.00004;0;0
34;173;;0;0.00004;0;0
34;177;;0;0.00004;0;0
35;178;;0;0;0;0
35;179;;0;0;0;0
35;180;;0;0;0;0
36;183;;0.00058;0;0;0
36;181;;0.00058;0;0;0
36;184;;0.00058;0;0;0
36;182;;0.00058;0;0;0
36;186;;0.00058;0;0;0
36;185;;0.00058;0;0;0
37;187;;0;0;0;0
38;190;;0;0;0;0
38;188;;0;0;0;0
38;189;;0;0;0;0
38;191;;0;0;0;0
39;193;;0;0;0;0
39;194;;0;0;0;0
39;192;;0;0;0;0
40;214;;0.00064;0;0;0
40;217;;0.00064;0;0;0
40;216;;0.00064;0;0;0
40;215;;0.00064;0;0;0
40;213;;0.00064;0;0;0
41;219;;0;0.00016;0;0
41;220;;0;0.00016;0;0
41;218;;0;0.00016;0;0
42;223;;0.00013;0;0;0
42;221;;0.00013;0;0;0
42;222;;0.00013;0;0;0
42;227;;0.00013;0;0;0
42;224;;0.00013;0;0;0
43;229;;0;0;0;0
44;230;;0.00025;0.00015;0;0
44;231;;0.00025;0.00015;0;0
44;232;;0.00025;0.00015;0;0
45;234;;0;0;0;0
46;235;;0;0;0;0
46;237;;0;0;0;0
46;238;;0;0;0;0
46;236;;0;0;0;0
47;239;;0;0;0;0
47;240;;0;0;0;0
47;241;;0;0;0;0
48;244;;0.00022;0;0;0
48;245;;0.00022;0;0;0
48;242;;0.00022;0;0;0
49;247;;0;0;0;0
49;246;;0;0;0;0
49;248;;0;0;0;0
50;254;;0.00036;0;0;0
50;252;;0.00036;0;0;0
50;251;;0.00036;0;0;0
50;253;;0.00036;0;0;0
50;250;;0.00036;0;0;0
