cve.cluster_new,toFloat(count(cve))/19149
0,1.1748394172019427
7,0.05305760091910805
1,0.11614183508277194
13,0.03801765105227427
5,0.001044440962974568
2,0.04297874562640347
8,0.1314951172384981
36,0.028043239855867146
3,0.12658624471251761
4,0.15066060890908142
10,0.0369732100892997
6,0.0908663637787874
32,0.010496631677894407
9,0.046999843333855554
30,0.016293279022403257
11,0.027521019374379865
12,0.03723432033004334
15,0.022507702752101937
14,0.06872421536372657
24,0.02083659721134263
16,0.019583268055773147
17,0.03451877382630947
18,0.015509948300172332
28,0.00939996866677111
48,0.005901091440806309
20,0.04250874719306491
22,0.008721082040837642
21,0.0017755496370567654
23,0.013107734085330827
29,0.0071021985482270615
27,0.020418820826152803
31,0.004804428429683012
19,0.022194370463209566
25,0.012063293122356258
26,0.008094417463052901
33,0.01169773878531516
34,0.0071021985482270615
35,0.008929970233432555
37,0.006579978066739777
38,0.006841088307483419
39,0.01138440649642279
40,0.00877330408898637
41,0.012115515170504987
42,0.014674395529792678
43,0.000052222048148728395
44,0.00976552300381221
45,0.005483315055616481
46,0.01133218444827406
47,0.009974411196407124
49,0.004125541803749543
50,0.01007885529270458