toFloat(count(DISTINCT e))/toFloat(count(cve)),cve.cluster_new,datetime(cve.date).year
0.010549390327442116,0,2022
0.015077098800685322,0,2021
0.030396543743249498,0,2020
0.005797101449275362,7,2022
0.030303030303030304,7,2021
0.03260869565217391,7,2020
0.01260835303388495,1,2022
0.03058103975535168,1,2021
0.046511627906976744,1,2020
0.03103448275862069,13,2022
0.040892193308550186,13,2021
0.10526315789473684,13,2020
0.0,5,2022
0.0,5,2021
0.0,5,2020
0.0036363636363636364,2,2022
0.0,2,2021
0.0,2,2020
0.0,8,2022
0.0008857395925597874,8,2021
0.006224066390041493,8,2020
0.0,36,2022
0.0,36,2021
0.017857142857142856,36,2020
0.0,3,2022
0.0033407572383073497,3,2021
0.001445086705202312,3,2020
0.0,4,2022
0.0009302325581395349,4,2021
0.0012300123001230013,4,2020
0.0,10,2022
0.0,10,2021
0.024096385542168676,10,2020
0.0,6,2022
0.0019723865877712033,6,2021
0.008760951188986232,6,2020
0.04938271604938271,32,2022
0.016129032258064516,32,2021
0.017241379310344827,32,2020
0.013227513227513227,9,2022
0.030959752321981424,9,2021
0.035,9,2020
0.010309278350515464,30,2022
0.0,30,2021
0.011111111111111112,30,2020
0.033112582781456956,11,2022
0.02072538860103627,11,2021
0.05945945945945946,11,2020
0.0,12,2022
0.004098360655737705,12,2021
0.0049504950495049506,12,2020
0.0,15,2022
0.0,15,2021
0.01694915254237288,15,2020
0.007159904534606206,14,2022
0.005988023952095809,14,2021
0.0,14,2020
0.0,24,2022
0.0,24,2021
0.01,24,2020
0.005494505494505495,16,2022
0.00684931506849315,16,2021
0.0,16,2020
0.013452914798206279,17,2022
0.02145922746781116,17,2021
0.009615384615384616,17,2020
0.0,18,2022
0.0,18,2021
0.0,18,2020
0.0,28,2022
0.0,28,2021
0.02,28,2020
0.0,48,2022
0.0,48,2021
0.034482758620689655,48,2020
0.0,20,2022
0.0,20,2021
0.0043859649122807015,20,2020
0.0,22,2022
0.018867924528301886,22,2021
0.0,22,2020
0.0,21,2021
0.0,21,2020
0.013513513513513514,23,2022
0.0,23,2021
0.0,23,2020
0.0,29,2022
0.0,29,2021
0.04918032786885246,29,2020
0.006944444444444444,27,2022
0.015151515151515152,27,2021
0.02608695652173913,27,2020
0.0,31,2022
0.10526315789473684,31,2021
0.0,31,2020
0.0,19,2022
0.0125,19,2021
0.008130081300813009,19,2020
0.0,25,2022
0.018691588785046728,25,2021
0.013333333333333334,25,2020
0.0,26,2022
0.0,26,2021
0.0,26,2020
0.0136986301369863,33,2022
0.022727272727272728,33,2021
0.015873015873015872,33,2020
0.0,34,2022
0.017543859649122806,34,2021
0.0,34,2020
0.0,35,2022
0.0,35,2021
0.0,35,2020
0.0,37,2022
0.0,37,2021
0.0,37,2020
0.0,38,2022
0.0,38,2021
0.0,38,2020
0.0,39,2022
0.0,39,2021
0.0,39,2020
0.0,40,2022
0.0,40,2021
0.09090909090909091,40,2020
0.0,41,2022
0.019417475728155338,41,2021
0.0,41,2020
0.0,42,2022
0.0,42,2021
0.009345794392523364,42,2020
0.0,43,2020
0.014925373134328358,44,2022
0.024096385542168676,44,2021
0.02702702702702703,44,2020
0.029411764705882353,45,2022
0.0,45,2021
0.0,45,2020
0.0,46,2022
0.0,46,2021
0.0,46,2020
0.0,47,2022
0.0,47,2021
0.0,47,2020
0.0,49,2022
0.0,49,2021
0.0,49,2020
0.0,50,2022
0.0,50,2021
0.06451612903225806,50,2020
