cve.cluster_new,toFloat(count(cve))/17784
0,1.2650134952766532
7,0.05713000449842555
1,0.1250562303193882
13,0.04093567251461988
5,0.0011246063877642825
2,0.046277552856500224
8,0.14158794421952317
36,0.030195681511470986
3,0.13630229419703105
4,0.16222447143499774
10,0.0398110661268556
6,0.09784075573549257
32,0.01130229419703104
9,0.05060728744939271
30,0.017543859649122806
11,0.029633378317588843
12,0.04009221772379667
15,0.024235267656320288
14,0.07399910031488979
24,0.022435897435897436
16,0.021086369770580298
17,0.037168241115609534
18,0.016700404858299597
28,0.010121457489878543
48,0.006354026090868196
20,0.0457714799820063
22,0.009390463337831759
21,0.0019118308591992803
23,0.014113810166441745
29,0.007647323436797121
27,0.021986054880791722
31,0.0051731893837157