cve.cluster_new,sum(cvss3.baseScore3)/count(cvss3)/10,datetime(cve.date).year
0,0.6973527588344657,2020
0,0.686963401210784,2022
0,0.6859993139721159,2021
7,0.6338181818181796,2020
7,0.6599708454810491,2022
7,0.6653535353535353,2021
1,0.8217940199335543,2020
1,0.814862385321106,2021
1,0.844171924290222,2022
13,0.789962825278807,2021
13,0.8044290657439432,2022
13,0.7979999999999989,2020
5,0.6675000000000001,2022
5,0.7016666666666665,2021
5,0.5599999999999999,2020
2,0.794382022471908,2022
2,0.7466461538461526,2021
2,0.7587892376681598,2020
8,0.7145000000000045,2022
8,0.7188573959256029,2021
8,0.6989604989604988,2020
36,0.7176237623762354,2021
36,0.7651785714285719,2020
36,0.7725270758122718,2022
3,0.6946762589928117,2022
3,0.6997327394209389,2021
3,0.6904479768786151,2020
4,0.7133674418604754,2021
4,0.7400369003690115,2020
4,0.7107979797979885,2022
10,0.8028740157480284,2021
10,0.7723493975903601,2020
10,0.776395759717312,2022
6,0.7419908466819215,2022
6,0.7532347140039473,2021
6,0.7440201005025209,2020
32,0.7575806451612911,2021
32,0.7431034482758625,2020
32,0.7516049382716051,2022
9,0.745310559006209,2021
9,0.7878400000000033,2022
9,0.7208499999999999,2020
30,0.6904444444444449,2020
30,0.6919200000000003,2021
30,0.7326804123711346,2022
11,0.8915333333333317,2022
11,0.8785326086956496,2020
11,0.8532984293193691,2021
12,0.660049504950494,2020
12,0.6884426229508188,2021
12,0.6859143968871592,2022
15,0.8276969696969679,2022
15,0.7371980676328506,2021
15,0.8018644067796613,2020
14,0.6511616161616149,2020
14,0.6462674650698603,2021
14,0.6493794749403337,2022
24,0.6869531249999999,2022
24,0.6542771084337349,2021
24,0.6448,2020
16,0.8026027397260258,2021
16,0.9343956043956017,2022
16,0.8327659574468091,2020
17,0.7328502415458934,2020
17,0.7615765765765754,2022
17,0.7465367965367953,2021
18,0.6936486486486493,2020
18,0.7169672131147541,2021
18,0.7166666666666669,2022
28,0.8009999999999998,2020
28,0.8537500000000003,2021
28,0.8298000000000003,2022
48,0.6593220338983051,2021
48,0.7172413793103447,2020
48,0.7204,2022
20,0.7021052631578926,2020
20,0.7101910828025481,2021
20,0.7389565217391304,2022
22,0.6844285714285718,2020
22,0.7003773584905661,2021
22,0.6622727272727275,2022
21,0.8303030303030304,2021
21,0.78,2020
23,0.6837142857142853,2021
23,0.7094594594594597,2022
23,0.7265277777777779,2020
29,0.7609302325581396,2022
29,0.831475409836066,2020
29,0.76875,2021
27,0.6853787878787871,2021
27,0.7063478260869566,2020
27,0.6674305555555551,2022
31,0.86962962962963,2022
31,0.8547368421052635,2021
31,0.917777777777778,2020