cluster_new;rn;cluster_old;risk_2020;risk_2020;risk_2020;risk_avg
0;0;;0,037557806;0,013083882;0,010222382;1,6744E-06
0;5;;0,037557806;0,013083882;0,010222382;1,6744E-06
0;1;;0,037557806;0,013083882;0,010222382;1,6744E-06
0;4;;0,037557806;0,013083882;0,010222382;1,6744E-06
1;10;;0,006695117;0,003116319;9,9369E-06;1E-10
1;9;;0,006695117;0,003116319;9,9369E-06;1E-10
1;8;;0,006695117;0,003116319;9,9369E-06;1E-10
2;107;;0;0;0;0
2;108;;0;0;0;0
2;104;;0;0;0;0
2;101;;0;0;0;0
2;100;;0;0;0;0
2;109;;0;0;0;0
2;103;;0;0;0;0
2;110;;0;0;0;0
3;145;;7,61932E-05;0,00012745;0;0
3;152;;7,61932E-05;0,00012745;0;0
3;149;;7,61932E-05;0,00012745;0;0
3;151;;7,61932E-05;0,00012745;0;0
3;146;;7,61932E-05;0,00012745;0;0
3;154;;7,61932E-05;0,00012745;0;0
3;148;;7,61932E-05;0,00012745;0;0
3;147;;7,61932E-05;0,00012745;0;0
3;153;;7,61932E-05;0,00012745;0;0
4;206;;8,27309E-05;4,30607E-05;0;0
4;201;;8,27309E-05;4,30607E-05;0;0
4;198;;8,27309E-05;4,30607E-05;0;0
4;208;;8,27309E-05;4,30607E-05;0;0
4;200;;8,27309E-05;4,30607E-05;0;0
4;204;;8,27309E-05;4,30607E-05;0;0
4;209;;8,27309E-05;4,30607E-05;0;0
4;197;;8,27309E-05;4,30607E-05;0;0
4;196;;8,27309E-05;4,30607E-05;0;0
4;199;;8,27309E-05;4,30607E-05;0;0
4;202;;8,27309E-05;4,30607E-05;0;0
4;211;;8,27309E-05;4,30607E-05;0;0
4;205;;8,27309E-05;4,30607E-05;0;0
4;210;;8,27309E-05;4,30607E-05;0;0
4;207;;8,27309E-05;4,30607E-05;0;0
4;203;;8,27309E-05;4,30607E-05;0;0
5;249;;0;0;0;0
6;255;;0,000893273;0,000145359;0;0
7;267;;0,001653829;0,001151868;4,031E-07;0
7;264;;0,001653829;0,001151868;4,031E-07;0
7;258;;0,001653829;0,001151868;4,031E-07;0
7;262;;0,001653829;0,001151868;4,031E-07;0
7;266;;0,001653829;0,001151868;4,031E-07;0
7;263;;0,001653829;0,001151868;4,031E-07;0
7;257;;0,001653829;0,001151868;4,031E-07;0
7;256;;0,001653829;0,001151868;4,031E-07;0
7;261;;0,001653829;0,001151868;4,031E-07;0
7;259;;0,001653829;0,001151868;4,031E-07;0
7;265;;0,001653829;0,001151868;4,031E-07;0
8;275;;0,000862743;9,01519E-05;0;0
8;271;;0,000862743;9,01519E-05;0;0
8;278;;0,000862743;9,01519E-05;0;0
8;276;;0,000862743;9,01519E-05;0;0
8;274;;0,000862743;9,01519E-05;0;0
8;272;;0,000862743;9,01519E-05;0;0
8;270;;0,000862743;9,01519E-05;0;0
8;268;;0,000862743;9,01519E-05;0;0
8;277;;0,000862743;9,01519E-05;0;0
8;269;;0,000862743;9,01519E-05;0;0
9;279;;0,001788358;0,001167744;1,0517E-06;0
9;284;;0,001788358;0,001167744;1,0517E-06;0
9;282;;0,001788358;0,001167744;1,0517E-06;0
9;283;;0,001788358;0,001167744;1,0517E-06;0
9;281;;0,001788358;0,001167744;1,0517E-06;0
9;280;;0,001788358;0,001167744;1,0517E-06;0
10;14;;0,001037762;0;0;0
10;12;;0,001037762;0;0;0
10;11;;0,001037762;0;0;0
10;13;;0,001037762;0;0;0
10;21;;0,001037762;0;0;0
10;19;;0,001037762;0;0;0
10;17;;0,001037762;0;0;0
11;27;;0,000433629;0,000104813;0,000000423;0
11;25;;0,000433629;0,000104813;0,000000423;0
11;24;;0,000433629;0,000104813;0,000000423;0
11;23;;0,000433629;0,000104813;0,000000423;0
11;22;;0,000433629;0,000104813;0,000000423;0
11;26;;0,000433629;0,000104813;0,000000423;0
12;35;;0,000183491;0,00011312;0;0
12;34;;0,000183491;0,00011312;0;0
12;28;;0,000183491;0,00011312;0;0
12;29;;0,000183491;0,00011312;0;0
12;32;;0,000183491;0,00011312;0;0
12;37;;0,000183491;0,00011312;0;0
12;31;;0,000183491;0,00011312;0;0
12;36;;0,000183491;0,00011312;0;0
13;45;;0,000963251;0,000264472;1,0977E-06;0
13;44;;0,000963251;0,000264472;1,0977E-06;0
13;41;;0,000963251;0,000264472;1,0977E-06;0
13;40;;0,000963251;0,000264472;1,0977E-06;0
13;43;;0,000963251;0,000264472;1,0977E-06;0
13;42;;0,000963251;0,000264472;1,0977E-06;0
13;39;;0,000963251;0,000264472;1,0977E-06;0
13;38;;0,000963251;0,000264472;1,0977E-06;0
14;51;;0;0,000286367;0;0
14;52;;0;0,000286367;0;0
14;47;;0;0,000286367;0;0
14;49;;0;0,000286367;0;0
14;46;;0;0,000286367;0;0
14;50;;0;0,000286367;0;0
14;48;;0;0,000286367;0;0
14;53;;0;0,000286367;0;0
14;54;;0;0,000286367;0;0
15;63;;0,000184538;0;0;0
15;57;;0,000184538;0;0;0
15;64;;0,000184538;0;0;0
15;61;;0,000184538;0;0;0
15;56;;0,000184538;0;0;0
15;62;;0,000184538;0;0;0
15;66;;0,000184538;0;0;0
15;60;;0,000184538;0;0;0
15;65;;0,000184538;0;0;0
15;59;;0,000184538;0;0;0
15;58;;0,000184538;0;0;0
16;75;;0;0,000115918;0;0
16;76;;0;0,000115918;0;0
16;71;;0;0,000115918;0;0
16;68;;0;0,000115918;0;0
16;70;;0;0,000115918;0;0
16;69;;0;0,000115918;0;0
16;72;;0;0,000115918;0;0
16;74;;0;0,000115918;0;0
16;73;;0;0,000115918;0;0
16;67;;0;0,000115918;0;0
17;78;;0,000366845;0,000595439;1,558E-07;0
17;81;;0,000366845;0,000595439;1,558E-07;0
17;80;;0,000366845;0,000595439;1,558E-07;0
17;79;;0,000366845;0,000595439;1,558E-07;0
18;84;;0;0;0;0
18;88;;0;0;0;0
18;87;;0;0;0;0
18;85;;0;0;0;0
18;86;;0;0;0;0
18;82;;0;0;0;0
19;89;;0,000166901;0,000190135;0;0
19;94;;0,000166901;0,000190135;0;0
19;90;;0,000166901;0,000190135;0;0
19;98;;0,000166901;0,000190135;0;0
19;96;;0,000166901;0,000190135;0;0
19;97;;0,000166901;0,000190135;0;0
19;92;;0,000166901;0,000190135;0;0
19;91;;0,000166901;0,000190135;0;0
19;93;;0,000166901;0,000190135;0;0
19;99;;0,000166901;0,000190135;0;0
20;111;;0,00019742;0;0;0
21;113;;0;0;0;0
21;112;;0;0;0;0
22;114;;0;4,96367E-05;0;0
22;115;;0;4,96367E-05;0;0
23;120;;0;0;0;0
23;121;;0;0;0;0
23;117;;0;0;0;0
24;125;;0,000202627;0;0;0
24;122;;0,000202627;0;0;0
24;123;;0,000202627;0;0;0
24;126;;0,000202627;0;0;0
24;124;;0,000202627;0;0;0
25;129;;0,000116329;0,000114452;0;0
25;131;;0,000116329;0,000114452;0;0
25;130;;0,000116329;0,000114452;0;0
25;128;;0,000116329;0,000114452;0;0
26;134;;0;0;0;0
26;137;;0;0;0;0
26;132;;0;0;0;0
26;136;;0;0;0;0
26;135;;0;0;0;0
26;133;;0;0;0;0
27;140;;0,000567437;0,000228315;6,45E-08;0
27;139;;0,000567437;0,000228315;6,45E-08;0
27;138;;0,000567437;0,000228315;6,45E-08;0
27;141;;0,000567437;0,000228315;6,45E-08;0
28;143;;0,000227109;0;0;0
29;144;;0,000438005;0;0;0
30;158;;0,000188512;0;2,79E-08;0
30;157;;0,000188512;0;2,79E-08;0
30;159;;0,000188512;0;2,79E-08;0
30;160;;0,000188512;0;2,79E-08;0
31;163;;0;0,000465444;0;0
32;164;;0,000202823;0,000138103;9,49E-08;0
32;166;;0,000202823;0,000138103;9,49E-08;0
32;165;;0,000202823;0,000138103;9,49E-08;0
33;169;;0,000188125;0,000185345;0,000000023;0
33;171;;0,000188125;0,000185345;0,000000023;0
33;168;;0,000188125;0,000185345;0,000000023;0
33;172;;0,000188125;0,000185345;0,000000023;0
33;170;;0,000188125;0,000185345;0,000000023;0
34;175;;0;3,57536E-05;0;0
34;174;;0;3,57536E-05;0;0
34;173;;0;3,57536E-05;0;0
34;177;;0;3,57536E-05;0;0
35;178;;0;0;0;0
35;179;;0;0;0;0
35;180;;0;0;0;0
36;183;;0,000577894;0;0;0
36;181;;0,000577894;0;0;0
36;184;;0,000577894;0;0;0
36;182;;0,000577894;0;0;0
36;186;;0,000577894;0;0;0
36;185;;0,000577894;0;0;0
37;187;;0;0;0;0
38;190;;0;0;0;0
38;188;;0;0;0;0
38;189;;0;0;0;0
38;191;;0;0;0;0
39;193;;0;0;0;0
39;194;;0;0;0;0
39;192;;0;0;0;0
40;214;;0,000640657;0;0;0
40;217;;0,000640657;0;0;0
40;216;;0,000640657;0;0;0
40;215;;0,000640657;0;0;0
40;213;;0,000640657;0;0;0
41;219;;0;0,000161342;0;0
41;220;;0;0,000161342;0;0
41;218;;0;0,000161342;0;0
42;223;;0,000127551;0;0;0
42;221;;0,000127551;0;0;0
42;222;;0,000127551;0;0;0
42;227;;0,000127551;0;0;0
42;224;;0,000127551;0;0;0
43;229;;0;0;0;0
44;230;;0,000251256;0,000154995;2,85E-08;0
44;231;;0,000251256;0,000154995;2,85E-08;0
44;232;;0,000251256;0,000154995;2,85E-08;0
45;234;;0;0;0;0
46;235;;0;0;0;0
46;237;;0;0;0;0
46;238;;0;0;0;0
46;236;;0;0;0;0
47;239;;0;0;0;0
47;240;;0;0;0;0
47;241;;0;0;0;0
48;244;;0,000220113;0;0;0
48;245;;0,000220113;0;0;0
48;242;;0,000220113;0;0;0
49;247;;0;0;0;0
49;246;;0;0;0;0
49;248;;0;0;0;0
50;254;;0,000363033;0;0;0
50;252;;0,000363033;0;0;0
50;251;;0,000363033;0;0;0
50;253;;0,000363033;0;0;0
50;250;;0,000363033;0;0;0
